{
  "run_at_utc": "2026-01-04T15:14:36.705451+00:00",
  "baseline": {
    "nat_quantile": 0.6,
    "a_days": 8.159112791493468,
    "b_days": -0.000840664784484843,
    "NAT_UPPER_RATIO": 3.0,
    "NAT_BIG_RATIO": 10.0,
    "b0": 3.0461252612617544,
    "b1": 1.1264696457490797,
    "LIKES_SUSPECT_RATIO": 3.0,
    "LIKES_BIG_RATIO": 10.0,
    "fit_mask": {
      "RECENT_DAYS_EXCLUDE": 7,
      "NAT_BUZZ_TOP_PCT": 95,
      "likes_good_views_min": 100,
      "likes_mid_views_pct": 80
    }
  }
}