{
  "run_at_utc": "2026-01-03T19:32:25.917660+00:00",
  "baseline": {
    "nat_quantile": 0.6,
    "a_days": 7.750967715921936,
    "b_days": 0.005126076534793606,
    "NAT_UPPER_RATIO": 3.0,
    "NAT_BIG_RATIO": 10.0,
    "b0": 2.6796005954272473,
    "b1": 0.9527093782534809,
    "LIKES_SUSPECT_RATIO": 3.0,
    "LIKES_BIG_RATIO": 10.0,
    "fit_mask": {
      "RECENT_DAYS_EXCLUDE": 7,
      "NAT_BUZZ_TOP_PCT": 95,
      "likes_good_views_min": 100,
      "likes_mid_views_pct": 80
    }
  }
}