{
  "run_at_utc": "2026-01-03T20:12:26.387121+00:00",
  "baseline": {
    "nat_quantile": 0.6,
    "a_days": 7.75082526771997,
    "b_days": 0.005126076682094247,
    "NAT_UPPER_RATIO": 3.0,
    "NAT_BIG_RATIO": 10.0,
    "b0": 2.6769067713785124,
    "b1": 0.9531796111035067,
    "LIKES_SUSPECT_RATIO": 3.0,
    "LIKES_BIG_RATIO": 10.0,
    "fit_mask": {
      "RECENT_DAYS_EXCLUDE": 7,
      "NAT_BUZZ_TOP_PCT": 95,
      "likes_good_views_min": 100,
      "likes_mid_views_pct": 80
    }
  }
}