{
  "run_at_utc": "2026-01-04T04:22:50.489820+00:00",
  "baseline": {
    "nat_quantile": 0.6,
    "a_days": 6.2482077109214345,
    "b_days": 0.00992931330182999,
    "NAT_UPPER_RATIO": 3.0,
    "NAT_BIG_RATIO": 10.0,
    "b0": 2.0811741312831558,
    "b1": 1.103402431154863,
    "LIKES_SUSPECT_RATIO": 3.0,
    "LIKES_BIG_RATIO": 10.0,
    "fit_mask": {
      "RECENT_DAYS_EXCLUDE": 7,
      "NAT_BUZZ_TOP_PCT": 95,
      "likes_good_views_min": 100,
      "likes_mid_views_pct": 80
    }
  }
}