{
  "generator_version": "sanitize+probe+shortfix-20260106-01",
  "run_at_utc": "2026-01-11T04:20:11.170961+00:00",
  "baseline": {
    "nat_quantile": 0.6,
    "a_days": 6.29685057062751,
    "b_days": 0.0065330858326148565,
    "NAT_UPPER_RATIO": 3.0,
    "NAT_BIG_RATIO": 10.0,
    "b0": 2.2200142420326747,
    "b1": 1.0794497326435415,
    "LIKES_SUSPECT_RATIO": 3.0,
    "LIKES_BIG_RATIO": 10.0,
    "fit_mask": {
      "RECENT_DAYS_EXCLUDE": 7,
      "NAT_BUZZ_TOP_PCT": 95,
      "likes_good_views_min": 100,
      "likes_mid_views_pct": 80,
      "EXCLUDE_SHORTS_LIKES": true
    }
  }
}