{
  "generator_version": "sanitize+probe+shortfix-20260106-01",
  "run_at_utc": "2026-01-05T18:50:01.009551+00:00",
  "baseline": {
    "nat_quantile": 0.6,
    "a_days": 6.321905127066829,
    "b_days": 0.0065530785239325175,
    "NAT_UPPER_RATIO": 3.0,
    "NAT_BIG_RATIO": 10.0,
    "b0": 2.190141411564465,
    "b1": 1.0843323553658364,
    "LIKES_SUSPECT_RATIO": 3.0,
    "LIKES_BIG_RATIO": 10.0,
    "fit_mask": {
      "RECENT_DAYS_EXCLUDE": 7,
      "NAT_BUZZ_TOP_PCT": 95,
      "likes_good_views_min": 100,
      "likes_mid_views_pct": 80,
      "EXCLUDE_SHORTS_LIKES": true
    }
  }
}