{
  "run_at_utc": "2026-01-03T09:54:15.250987+00:00",
  "baseline": {
    "nat_quantile": 0.6,
    "a_days": 6.250618252061208,
    "b_days": 0.009949040007264601,
    "NAT_UPPER_RATIO": 3.0,
    "NAT_BIG_RATIO": 10.0,
    "b0": 2.010298808688028,
    "b1": 1.1159652259036652,
    "LIKES_SUSPECT_RATIO": 3.0,
    "LIKES_BIG_RATIO": 10.0,
    "fit_mask": {
      "RECENT_DAYS_EXCLUDE": 7,
      "NAT_BUZZ_TOP_PCT": 95,
      "likes_good_views_min": 100,
      "likes_mid_views_pct": 80
    }
  }
}