{
  "run_at_utc": "2026-01-03T08:15:50.138362+00:00",
  "baseline": {
    "nat_quantile": 0.6,
    "a_days": 2.71490154805525,
    "b_days": 0.004320824112802549,
    "NAT_UPPER_RATIO": 3.0,
    "NAT_BIG_RATIO": 10.0,
    "b0": 0.8732846107035152,
    "b1": 1.115862804322936,
    "LIKES_SUSPECT_RATIO": 3.0,
    "LIKES_BIG_RATIO": 10.0,
    "fit_mask": {
      "RECENT_DAYS_EXCLUDE": 7,
      "NAT_BUZZ_TOP_PCT": 95,
      "likes_good_views_min": 100,
      "likes_mid_views_pct": 80
    }
  }
}