{
  "run_at_utc": "2026-01-04T09:20:01.861724+00:00",
  "baseline": {
    "nat_quantile": 0.6,
    "a_days": 6.213545617547572,
    "b_days": 0.010063508656609847,
    "NAT_UPPER_RATIO": 3.0,
    "NAT_BIG_RATIO": 10.0,
    "b0": 2.0782768119905835,
    "b1": 1.104060989370075,
    "LIKES_SUSPECT_RATIO": 3.0,
    "LIKES_BIG_RATIO": 10.0,
    "fit_mask": {
      "RECENT_DAYS_EXCLUDE": 7,
      "NAT_BUZZ_TOP_PCT": 95,
      "likes_good_views_min": 100,
      "likes_mid_views_pct": 80
    }
  }
}