{
  "run_at_utc": "2026-01-05T14:06:42.260051+00:00",
  "baseline": {
    "nat_quantile": 0.6,
    "a_days": 6.285195898276374,
    "b_days": 0.001011980127027367,
    "NAT_UPPER_RATIO": 3.0,
    "NAT_BIG_RATIO": 10.0,
    "b0": 2.1160424923895564,
    "b1": 1.1100744579648318,
    "LIKES_SUSPECT_RATIO": 3.0,
    "LIKES_BIG_RATIO": 10.0,
    "fit_mask": {
      "RECENT_DAYS_EXCLUDE": 7,
      "NAT_BUZZ_TOP_PCT": 95,
      "likes_good_views_min": 100,
      "likes_mid_views_pct": 80,
      "EXCLUDE_SHORTS_LIKES": true
    }
  }
}