{
  "run_at_utc": "2026-01-05T13:49:58.077582+00:00",
  "baseline": {
    "nat_quantile": 0.6,
    "a_days": 6.285207670833965,
    "b_days": 0.0010119797136232422,
    "NAT_UPPER_RATIO": 3.0,
    "NAT_BIG_RATIO": 10.0,
    "b0": 6.187784554499463,
    "b1": -0.031112045584406785,
    "LIKES_SUSPECT_RATIO": 3.0,
    "LIKES_BIG_RATIO": 10.0,
    "fit_mask": {
      "RECENT_DAYS_EXCLUDE": 7,
      "NAT_BUZZ_TOP_PCT": 95,
      "likes_good_views_min": 100,
      "likes_mid_views_pct": 80,
      "EXCLUDE_SHORTS_LIKES": true
    }
  }
}