{
  "run_at_utc": "2026-01-05T07:33:35.902759+00:00",
  "baseline": {
    "nat_quantile": 0.6,
    "a_days": 6.287071071395697,
    "b_days": 0.0009503692065266367,
    "NAT_UPPER_RATIO": 3.0,
    "NAT_BIG_RATIO": 10.0,
    "b0": 6.1878220037802745,
    "b1": -0.03127340205750835,
    "LIKES_SUSPECT_RATIO": 3.0,
    "LIKES_BIG_RATIO": 10.0,
    "fit_mask": {
      "RECENT_DAYS_EXCLUDE": 7,
      "NAT_BUZZ_TOP_PCT": 95,
      "likes_good_views_min": 100,
      "likes_mid_views_pct": 80
    }
  }
}