{
  "run_at_utc": "2026-01-03T09:56:19.241010+00:00",
  "baseline": {
    "nat_quantile": 0.6,
    "a_days": 7.752762243677888,
    "b_days": 0.005125805428152898,
    "NAT_UPPER_RATIO": 3.0,
    "NAT_BIG_RATIO": 10.0,
    "b0": 2.6631722470001313,
    "b1": 0.9555834345861023,
    "LIKES_SUSPECT_RATIO": 3.0,
    "LIKES_BIG_RATIO": 10.0,
    "fit_mask": {
      "RECENT_DAYS_EXCLUDE": 7,
      "NAT_BUZZ_TOP_PCT": 95,
      "likes_good_views_min": 100,
      "likes_mid_views_pct": 80
    }
  }
}