{
  "run_at_utc": "2026-01-05T15:37:12.133952+00:00",
  "baseline": {
    "nat_quantile": 0.6,
    "a_days": 7.5290247193845925,
    "b_days": 0.006198263680100201,
    "NAT_UPPER_RATIO": 3.0,
    "NAT_BIG_RATIO": 10.0,
    "b0": 2.616866839236582,
    "b1": 0.9617192073277977,
    "LIKES_SUSPECT_RATIO": 3.0,
    "LIKES_BIG_RATIO": 10.0,
    "fit_mask": {
      "RECENT_DAYS_EXCLUDE": 7,
      "NAT_BUZZ_TOP_PCT": 95,
      "likes_good_views_min": 100,
      "likes_mid_views_pct": 80,
      "EXCLUDE_SHORTS_LIKES": true
    }
  }
}