{
  "run_at_utc": "2026-01-04T15:11:59.961170+00:00",
  "baseline": {
    "nat_quantile": 0.6,
    "a_days": 7.534960478773808,
    "b_days": 0.00619318158752903,
    "NAT_UPPER_RATIO": 3.0,
    "NAT_BIG_RATIO": 10.0,
    "b0": 2.687905507526984,
    "b1": 0.9514055994484539,
    "LIKES_SUSPECT_RATIO": 3.0,
    "LIKES_BIG_RATIO": 10.0,
    "fit_mask": {
      "RECENT_DAYS_EXCLUDE": 7,
      "NAT_BUZZ_TOP_PCT": 95,
      "likes_good_views_min": 100,
      "likes_mid_views_pct": 80
    }
  }
}