{
  "run_at_utc": "2026-01-04T09:17:21.903958+00:00",
  "baseline": {
    "nat_quantile": 0.6,
    "a_days": 7.536542122522421,
    "b_days": 0.006190572624329804,
    "NAT_UPPER_RATIO": 3.0,
    "NAT_BIG_RATIO": 10.0,
    "b0": 2.6863604995781154,
    "b1": 0.9516129918016426,
    "LIKES_SUSPECT_RATIO": 3.0,
    "LIKES_BIG_RATIO": 10.0,
    "fit_mask": {
      "RECENT_DAYS_EXCLUDE": 7,
      "NAT_BUZZ_TOP_PCT": 95,
      "likes_good_views_min": 100,
      "likes_mid_views_pct": 80
    }
  }
}