{
  "run_at_utc": "2026-01-05T07:32:48.016737+00:00",
  "baseline": {
    "nat_quantile": 0.6,
    "a_days": 6.209413347920992,
    "b_days": 0.010043443338035519,
    "NAT_UPPER_RATIO": 3.0,
    "NAT_BIG_RATIO": 10.0,
    "b0": 2.1450459384773737,
    "b1": 1.092275602730858,
    "LIKES_SUSPECT_RATIO": 3.0,
    "LIKES_BIG_RATIO": 10.0,
    "fit_mask": {
      "RECENT_DAYS_EXCLUDE": 7,
      "NAT_BUZZ_TOP_PCT": 95,
      "likes_good_views_min": 100,
      "likes_mid_views_pct": 80
    }
  }
}