{
  "run_at_utc": "2026-01-05T07:34:53.007676+00:00",
  "baseline": {
    "nat_quantile": 0.6,
    "a_days": 6.209268622150663,
    "b_days": 0.010047197908207583,
    "NAT_UPPER_RATIO": 3.0,
    "NAT_BIG_RATIO": 10.0,
    "b0": 2.1425180571104665,
    "b1": 1.0927326244924251,
    "LIKES_SUSPECT_RATIO": 3.0,
    "LIKES_BIG_RATIO": 10.0,
    "fit_mask": {
      "RECENT_DAYS_EXCLUDE": 7,
      "NAT_BUZZ_TOP_PCT": 95,
      "likes_good_views_min": 100,
      "likes_mid_views_pct": 80
    }
  }
}