{
  "run_at_utc": "2026-01-03T08:07:49.622812+00:00",
  "baseline": {
    "nat_quantile": 0.6,
    "a_days": 2.714925594053786,
    "b_days": 0.004320824049056401,
    "NAT_UPPER_RATIO": 3.0,
    "NAT_BIG_RATIO": 10.0,
    "b0": 0.8726432635095256,
    "b1": 1.116117460566259,
    "LIKES_SUSPECT_RATIO": 3.0,
    "LIKES_BIG_RATIO": 10.0,
    "fit_mask": {
      "RECENT_DAYS_EXCLUDE": 7,
      "NAT_BUZZ_TOP_PCT": 95,
      "likes_good_views_min": 100,
      "likes_mid_views_pct": 80
    }
  }
}