{
  "run_at_utc": "2026-01-02T18:11:53.750767+00:00",
  "watch_key": "@trueman_project",
  "channel_id": "UCB9cirTse_-h02qZ6ctmBzw",
  "latest_count": 192,
  "points_count": 192,
  "baseline": {
    "a": 2.285688495625667,
    "b": 0.6229991887801518,
    "upper_ratio_ref": 6.962852244539811,
    "med_like_rate": 0.054860246930890894
  },
  "sticky_red_count": 8,
  "red_top_count": 8,
  "max_anomaly_ratio_this_run": 64.21650320025172,
  "status": "analyzed"
}