{
  "run_at_utc": "2026-01-03T08:52:34.178064+00:00",
  "baseline": {
    "nat_quantile": 0.6,
    "a_days": 2.7147914312821135,
    "b_days": 0.004320823679794891,
    "NAT_UPPER_RATIO": 3.0,
    "NAT_BIG_RATIO": 10.0,
    "b0": 0.8733194907220165,
    "b1": 1.1158578446981982,
    "LIKES_SUSPECT_RATIO": 3.0,
    "LIKES_BIG_RATIO": 10.0,
    "fit_mask": {
      "RECENT_DAYS_EXCLUDE": 7,
      "NAT_BUZZ_TOP_PCT": 95,
      "likes_good_views_min": 100,
      "likes_mid_views_pct": 80
    }
  }
}