{
  "run_at_utc": "2026-01-05T17:52:40.038547+00:00",
  "baseline": {
    "nat_quantile": 0.6,
    "a_days": 6.3221727673872,
    "b_days": 0.006552716119837023,
    "NAT_UPPER_RATIO": 3.0,
    "NAT_BIG_RATIO": 10.0,
    "b0": 2.1890131634007832,
    "b1": 1.084532758305913,
    "LIKES_SUSPECT_RATIO": 3.0,
    "LIKES_BIG_RATIO": 10.0,
    "fit_mask": {
      "RECENT_DAYS_EXCLUDE": 7,
      "NAT_BUZZ_TOP_PCT": 95,
      "likes_good_views_min": 100,
      "likes_mid_views_pct": 80,
      "EXCLUDE_SHORTS_LIKES": true
    }
  }
}