{
  "run_at_utc": "2026-01-04T15:18:21.834925+00:00",
  "baseline": {
    "nat_quantile": 0.6,
    "a_days": 6.139137515282798,
    "b_days": 0.010390249399142012,
    "NAT_UPPER_RATIO": 3.0,
    "NAT_BIG_RATIO": 10.0,
    "b0": 2.133481914859018,
    "b1": 1.0942659816951965,
    "LIKES_SUSPECT_RATIO": 3.0,
    "LIKES_BIG_RATIO": 10.0,
    "fit_mask": {
      "RECENT_DAYS_EXCLUDE": 7,
      "NAT_BUZZ_TOP_PCT": 95,
      "likes_good_views_min": 100,
      "likes_mid_views_pct": 80
    }
  }
}