{
  "generator_version": "sanitize+probe+shortfix-20260106-01",
  "run_at_utc": "2026-01-06T12:52:15.401271+00:00",
  "baseline": {
    "nat_quantile": 0.6,
    "a_days": 6.32198835831611,
    "b_days": 0.006540420409018507,
    "NAT_UPPER_RATIO": 3.0,
    "NAT_BIG_RATIO": 10.0,
    "b0": 2.211472416361644,
    "b1": 1.0806046130199656,
    "LIKES_SUSPECT_RATIO": 3.0,
    "LIKES_BIG_RATIO": 10.0,
    "fit_mask": {
      "RECENT_DAYS_EXCLUDE": 7,
      "NAT_BUZZ_TOP_PCT": 95,
      "likes_good_views_min": 100,
      "likes_mid_views_pct": 80,
      "EXCLUDE_SHORTS_LIKES": true
    }
  }
}