{
  "run_at_utc": "2026-01-04T09:22:14.694087+00:00",
  "baseline": {
    "nat_quantile": 0.6,
    "a_days": 6.141707074573451,
    "b_days": 0.01039024939911247,
    "NAT_UPPER_RATIO": 3.0,
    "NAT_BIG_RATIO": 10.0,
    "b0": 2.078376870750325,
    "b1": 1.104044265034428,
    "LIKES_SUSPECT_RATIO": 3.0,
    "LIKES_BIG_RATIO": 10.0,
    "fit_mask": {
      "RECENT_DAYS_EXCLUDE": 7,
      "NAT_BUZZ_TOP_PCT": 95,
      "likes_good_views_min": 100,
      "likes_mid_views_pct": 80
    }
  }
}