{
  "run_at_utc": "2026-01-04T23:06:38.472255+00:00",
  "baseline": {
    "nat_quantile": 0.6,
    "a_days": 6.287405754722738,
    "b_days": 0.0009503652051298864,
    "NAT_UPPER_RATIO": 3.0,
    "NAT_BIG_RATIO": 10.0,
    "b0": 6.180909054481741,
    "b1": -0.02938614872429729,
    "LIKES_SUSPECT_RATIO": 3.0,
    "LIKES_BIG_RATIO": 10.0,
    "fit_mask": {
      "RECENT_DAYS_EXCLUDE": 7,
      "NAT_BUZZ_TOP_PCT": 95,
      "likes_good_views_min": 100,
      "likes_mid_views_pct": 80
    }
  }
}